Seed, Mean_Hamming_A, Mean_Hamming_B, Mean_Bit_Alignment
1, 8.175285, 8.177925, 0.539385
2, 8.177925, 8.179201, 0.539335
3, 8.179201, 8.178298, 0.539393
4, 8.178298, 8.175797, 0.539411
5, 8.175797, 8.176878, 0.539368
6, 8.176878, 8.176472, 0.539455
7, 8.176472, 8.178040, 0.539360
8, 8.178040, 8.175616, 0.539431
9, 8.175616, 8.175722, 0.539319
10, 8.175722, 8.176723, 0.539311
