Seed, Mean_Hamming_A, Mean_Hamming_B, Mean_Bit_Alignment
1, 14.679594, 14.680736, 0.565147
2, 14.680736, 14.680273, 0.565123
3, 14.680273, 14.679718, 0.565168
4, 14.679718, 14.678188, 0.565201
5, 14.678188, 14.679006, 0.565169
6, 14.679006, 14.679905, 0.565155
7, 14.679905, 14.680844, 0.565108
8, 14.680844, 14.678340, 0.565163
9, 14.678340, 14.678374, 0.565118
10, 14.678374, 14.680233, 0.565158
