Seed, Mean_Hamming_A, Mean_Hamming_B, Mean_Bit_Alignment
1, 3.988968, 3.988338, 0.499835
2, 3.988338, 3.989084, 0.500100
3, 3.989084, 3.987716, 0.500140
4, 3.987716, 3.989003, 0.500060
5, 3.989003, 3.989409, 0.500108
6, 3.989409, 3.987555, 0.500032
7, 3.987555, 3.988586, 0.500184
8, 3.988586, 3.989771, 0.500010
9, 3.989771, 3.989234, 0.500005
10, 3.989234, 3.988935, 0.499980
